ID,Phenotype,CHR31_3082775,CHR31_3082744,CHR31_3082739,CHR31_3082776,CHR31_3082751,CHR31_3082780,CHR31_3082777,CHR31_3082965,CHR11_CM026004.1_30318410,CHR4_17938638,CHR4_17938639,CHR4_17938640,CHR4_17938643,Chr4_17938638,Chr4_17938639,Chr4_17938640,Chr4_17938643,Chr11_30318410,Chr31_3082739,Chr31_3082751,Chr31_3082744,Chr31_3082775,Chr31_3082776,Chr31_3082777,Chr31_3082780,stndized_read_dpth_CH4_17938638,stndized_read_dpth_CHR11_30318410,stndized_read_dpth_CHR31_3082775,Ind_stndized_read_dpth_CH4_17938638,Ind_stndized_read_dpth_CHR11_30318410,Ind_stndized_read_dpth_CHR31_3082775,mean_read_dpth_per_sample
MG28SF01,yellow,GC,GA,CT,CG,TA,AG,AG,NA,TT,AA,AA,GG,TT,0,0,0,0,0,1,1,1,1,1,1,1,20.7889,7.0062,3.3883,8.60683,2.90065,1.40277,17.1434
MI10SS01,yellow,GC,GA,CT,CG,TA,AG,AG,GG,TT,AA,AA,GG,TT,0,0,0,0,0,1,1,1,1,1,1,1,2.412,1.9526,0.8614,2.04407,1.65473,0.730026,14.968
MI10SS04,yellow,GC,GA,CT,CG,TA,AG,AG,NA,CT,AA,AA,GG,TT,0,0,0,0,1,1,1,1,1,1,1,1,0.1149,2.1248,0.4594,0.107224,1.98364,0.428895,15.6973
NB17SS01,yellow,GC,GA,CT,CG,TA,AG,AG,GG,CT,TA,GA,CG,GT,1,1,1,1,1,1,1,1,1,1,1,1,3.4457,3.6754,0.5169,3.55381,3.79073,0.533071,16.8833
NC15SS01,yellow,GC,GA,CT,CG,TA,AG,AG,GG,CT,AA,AA,GG,TT,0,0,0,0,1,1,1,1,1,1,1,1,1.608,0.6891,0.2297,3.11137,1.33344,0.444481,14.0107
NC22SS01,yellow,GC,GA,CT,CG,TA,AG,AG,NA,CT,AA,AA,GG,TT,0,0,0,0,1,1,1,1,1,1,1,1,2.1248,1.0337,0.3446,2.90625,1.41385,0.471283,14.7371
NC23SS01,orange,GG,AA,TT,GG,AA,GG,GG,GG,CT,AA,AA,GG,TT,0,0,0,0,1,2,2,2,0,2,2,2,1.608,1.9526,0.1149,1.77875,2.15991,0.127054,15.7414
NC23SS02,yellow,GC,GA,CT,CG,TA,AG,AG,NA,CT,AA,AA,GG,TT,0,0,0,0,1,1,1,1,1,1,1,1,0.0574,1.7803,0.5169,0.0612914,1.90003,0.551623,11.2618
PD01RWR01,orange,GG,AA,TT,GG,AA,GG,GG,NA,CT,AA,AA,GG,TT,0,0,0,0,1,2,2,2,0,2,2,2,5.1111,1.4357,1.1486,6.42697,1.80533,1.44426,15.5962
QJ14SS01,yellow,GC,GA,CT,CG,TA,AG,AG,NA,CT,AA,AA,GG,TT,0,0,0,0,1,1,1,1,1,1,1,1,1.0911,1.206,0.5743,0.936482,1.03506,0.492885,14.4177
UC19RR01,orange,GG,AA,TT,GG,AA,GG,GG,GG,CT,AA,AA,GG,TT,0,0,0,0,1,2,2,2,0,2,2,2,5.5131,5.1685,0.4594,4.72453,4.42924,0.39371,20.3195
UC19RR02,yellow,NA,NA,NA,NA,NA,NA,NA,GA,CT,AA,AA,GG,TT,0,0,0,0,1,-1,-1,-1,-1,-1,-1,-1,2.5843,2.5843,0,2.63075,2.63075,0,17.1054
UC19RR03,yellow,GC,GA,CT,CG,TA,AG,AG,AA,CT,TA,GA,CG,GT,1,1,1,1,1,1,1,1,1,1,1,1,1.4357,3.7328,1.8951,1.63937,4.26235,2.16396,15.2498
UC20RR01,orange,GC,GA,CT,CG,TA,AG,AG,GG,CT,AA,AA,GG,TT,0,0,0,0,1,1,1,1,1,1,1,1,3.1011,7.9825,0.3446,2.5742,6.62618,0.286022,20.9774
UC20RR02,yellow,GC,GA,CT,CG,TA,AG,AG,AA,CT,TA,GA,CG,GT,1,1,1,1,1,1,1,1,1,1,1,1,1.6654,2.6417,0.5169,2.14033,3.39501,0.664241,13.5493
UC20RR03,yellow,CC,GG,CC,CC,TT,AA,AA,GA,CT,TA,GA,CG,GT,1,1,1,1,1,0,0,0,2,0,0,0,5.5705,4.7091,1.608,4.33421,3.66397,1.25111,22.3801
UC20RR04,orange,GG,AA,TT,GG,AA,GG,GG,GA,CT,AA,AA,GG,TT,0,0,0,0,1,2,2,2,0,2,2,2,5.0537,6.7191,0.6891,4.27388,5.68231,0.582802,20.5902
UC20RR05,yellow,GG,GA,CT,GG,AA,GG,GG,GA,CT,TA,GA,CG,GT,1,1,1,1,1,1,2,1,0,2,2,2,3.8477,6.6617,0.2871,3.53681,6.12344,0.263941,18.9436
UC20RR06,yellow,GG,AA,TT,GG,AA,GG,GG,GG,CT,AA,AA,GG,TT,0,0,0,0,1,2,2,2,0,2,2,2,1.0337,6.2022,0.1149,1.29177,7.7506,0.14353,13.9344
UC20RR07,yellow,GG,AA,TT,GG,AA,GG,GG,GG,CT,AA,AA,GG,TT,0,0,0,0,1,2,2,2,0,2,2,2,2.2397,1.8951,0.3446,2.85152,2.41283,0.438696,13.6769
UD30RR01,yellow,GC,GA,CT,CG,TA,AG,AG,AA,CT,AA,AA,GG,TT,0,0,0,0,1,1,1,1,1,1,1,1,1.1486,3.5031,0.5169,1.35647,4.13722,0.61041,14.7442
UD30RR02,yellow,GG,GA,CT,GG,AA,GG,GG,GG,CT,TA,GA,CG,GT,1,1,1,1,1,1,2,1,0,2,2,2,5.1685,5.6854,0.2871,4.5607,5.01677,0.253372,19.7338
UD30RR03,yellow,GG,GA,CT,CG,TA,AG,AG,GG,CT,TA,GA,CG,GT,1,1,1,1,1,1,1,1,0,1,1,1,7.5231,8.1548,0.6317,5.75829,6.24181,0.483521,22.7498
UE01RR01,yellow,GG,AA,TT,GG,AA,GG,GG,GG,CT,AA,AA,GG,TT,0,0,0,0,1,2,2,2,0,2,2,2,2.2397,5.4557,0.9188,2.10805,5.135,0.864841,18.5005
UE01RR02,yellow,GG,AA,TT,GG,AA,GG,GG,GG,CT,AA,AA,GG,TT,0,0,0,0,1,2,2,2,0,2,2,2,4.3645,4.1348,1.0337,3.59357,3.40443,0.851108,21.1489
UE01RR03,yellow,GC,GA,CT,CG,TA,AG,AG,GA,CT,AA,AA,GG,TT,0,0,0,0,1,1,1,1,1,1,1,1,2.8714,3.7328,0.7466,3.09561,4.02429,0.804859,16.1519
UE01RR04,yellow,CC,GG,CC,CC,TT,AA,AA,GA,CT,TA,GA,CG,GT,1,1,1,1,1,0,0,0,2,0,0,0,1.3208,2.814,0.2871,1.49882,3.19314,0.325831,15.3454
QJ14SS02,yellow,GC,GA,CT,CG,TA,AG,AG,AA,CT,AA,AA,GG,TT,0,0,0,0,1,1,1,1,1,1,1,1,2.0674,1.206,1.0911,2.07074,1.20793,1.09289,42.0596
MI10SS02,yellow,GC,GA,CT,CG,TA,AG,AG,AA,CT,NA,NA,NA,NA,-1,-1,-1,-1,1,1,1,1,1,1,1,1,0,2.7565,1.4931,0,2.19699,1.19003,13.7048
UD30RR04,yellow,GC,GA,CT,CG,TA,AG,AG,GA,CT,TA,GA,CG,GT,1,1,1,1,1,1,1,1,1,1,1,1,1.3783,1.2634,0.6891,1.65683,1.51876,0.828415,14.4855
PD02RWR02,yellow,GG,AA,TT,GG,AA,GG,GG,GA,CT,AA,AA,GG,TT,0,0,0,0,1,2,2,2,0,2,2,2,0.1723,2.8714,0.402,0.177496,2.95826,0.414157,27.1699
PC06SS01,orange,GG,AA,TT,GG,AA,GG,GG,GG,TT,AA,AA,GG,TT,0,0,0,0,0,2,2,2,0,2,2,2,1.206,1.0337,0.9188,1.13051,0.969008,0.86134,20.6466
UE07RR04,yellow,GG,AA,TT,GG,AA,GG,GG,GG,CT,AA,AA,GG,TT,0,0,0,0,1,2,2,2,0,2,2,2,1.8377,14.5867,1.2634,1.19121,9.45524,0.818958,26.8634
MI11SS01,yellow,GC,GA,CT,CG,TA,AG,AG,NA,CT,AA,AA,GG,TT,0,0,0,0,1,1,1,1,1,1,1,1,1.206,0.8614,0.5743,1.53231,1.09451,0.729671,8.99925
UE02RR02,orange,GG,AA,TT,GG,AA,GG,GG,GA,CT,AA,AA,GG,TT,0,0,0,0,1,2,2,2,0,2,2,2,1.7803,6.2597,0.8614,1.56843,5.5148,0.758917,19.765
UE02RR03,yellow,GG,AA,TT,GG,AA,GG,GG,GG,CT,AA,AA,GG,TT,0,0,0,0,1,2,2,2,0,2,2,2,3.216,3.7328,0.4594,3.37539,3.91786,0.482198,16.5907
UE07RR03,orange,GC,GA,CT,CG,TA,AG,AG,GA,TT,AA,AA,GG,TT,0,0,0,0,0,1,1,1,1,1,1,1,5.9725,9.3033,1.5506,4.25652,6.63035,1.10506,24.4331
UE02RR01,yellow,NA,NA,NA,NA,NA,NA,NA,NA,TT,TA,GA,CG,GT,1,1,1,1,0,-1,-1,-1,-1,-1,-1,-1,0.5743,0.1149,0,4.56067,0.912134,0,2.19266
UE07RR01,orange,GG,AA,TT,GG,AA,GG,GG,GG,TT,AA,AA,GG,TT,0,0,0,0,0,2,2,2,0,2,2,2,4.4794,5.226,0.804,4.43462,5.17372,0.795957,17.5889
UE07RR02,yellow,GC,GA,CT,CG,TA,AG,AG,GG,CT,AA,AA,GG,TT,0,0,0,0,1,1,1,1,1,1,1,1,0.2871,2.5268,0.9188,0.3118,2.74384,0.997761,16.0359
UC30RR01,orange,GG,AA,TT,GG,AA,GG,GG,GG,CT,AA,AA,GG,TT,0,0,0,0,1,2,2,2,0,2,2,2,5.2834,5.9725,0.5743,4.49563,5.08202,0.488656,20.4643
UE09RR03,orange,GC,GA,CT,CG,TA,AG,AG,GA,CT,AA,AA,GG,TT,0,0,0,0,1,1,1,1,1,1,1,1,2.2971,6.6042,0.9188,1.96799,5.65797,0.787196,20.3253
UC30RR04,red,GG,AA,TT,GG,AA,GG,GG,GA,TT,AA,AA,GG,TT,0,0,0,0,0,2,2,2,0,2,2,2,1.4931,5.7428,0.3446,1.34454,5.17133,0.31028,19.3374
UE07RR05,red,GG,AA,TT,GG,AA,GG,GG,GG,CT,AA,AA,GG,TT,0,0,0,0,1,2,2,2,0,2,2,2,4.0774,5.2834,0.6891,3.90866,5.06474,0.660618,18.1648
UC30RR02,orange,GG,AA,TT,GG,AA,GG,GG,GG,CT,AA,AA,GG,TT,0,0,0,0,1,2,2,2,0,2,2,2,1.4931,2.1823,0.804,1.99494,2.91568,1.0742,13.033
UC30RR03,red,GG,AA,TT,GG,AA,GG,GG,GG,TT,AA,AA,GG,TT,0,0,0,0,0,2,2,2,0,2,2,2,1.9526,8.4993,1.6654,1.39677,6.08008,1.19137,24.3418
UE09RR02,yellow,GC,GA,CT,CG,TA,AG,AG,GA,CT,AA,AA,GG,TT,0,0,0,0,1,1,1,1,1,1,1,1,0.402,5.7428,1.0911,0.392941,5.61344,1.06655,17.8144
UC29RR04,orange,GG,AA,TT,GG,AA,GG,GG,GG,CT,AA,AA,GG,TT,0,0,0,0,1,2,2,2,0,2,2,2,4.7665,9.3033,0.6891,3.68561,7.19361,0.53286,22.52
UC29RR03,red,GG,AA,TT,GG,AA,GG,GG,GG,TT,NA,NA,NA,NA,-1,-1,-1,-1,0,2,2,2,0,2,2,2,0,8.7865,0.6891,0,8.82099,0.691842,17.345
UC29RR02,red,GG,AA,TT,GG,AA,GG,GG,GG,TT,AA,AA,GG,TT,0,0,0,0,0,2,2,2,0,2,2,2,3.0437,4.3071,1.1486,3.24608,4.59351,1.22493,16.3274
QI05SS01,yellow,GG,GA,CT,GG,AA,GG,GG,GA,CT,AA,AA,GG,TT,0,0,0,0,1,1,2,1,0,2,2,2,1.7803,7.8102,0.6317,1.3796,6.05246,0.489537,22.4702
UC28RR02,orange,NA,NA,NA,NA,NA,NA,NA,GG,CT,AA,AA,GG,TT,0,0,0,0,1,-1,-1,-1,-1,-1,-1,-1,4.02,7.5231,0,3.94889,7.39007,0,17.7265
UC29RR01,red,NA,NA,NA,NA,NA,NA,NA,GG,TT,AA,AA,GG,TT,0,0,0,0,0,-1,-1,-1,-1,-1,-1,-1,2.9863,8.2696,0,2.26974,6.28544,0,22.9101
UC28RR01,yellow,GC,GA,CC,CG,TA,AG,AG,GA,TT,AA,AA,GG,TT,0,0,0,0,0,0,1,1,1,1,1,1,3.0437,19.9275,1.2634,1.79145,11.7289,0.74362,29.585
MH29SF04,orange,GG,GA,CT,CG,TA,AG,AG,GG,TT,AA,AA,GG,TT,0,0,0,0,0,1,1,1,0,1,1,1,2.1248,3.7328,0.6317,2.80733,4.93179,0.834611,14.9017
QI05SS03,yellow,GC,GA,CT,CG,TA,AG,AG,NA,TT,AA,AA,GG,TT,0,0,0,0,0,1,1,1,1,1,1,1,1.3783,1.7228,1.5506,1.8028,2.2535,2.02815,9.0533
UD23RR01,orange,GG,AA,TT,GG,AA,GG,GG,GG,CT,AA,AA,GG,TT,0,0,0,0,1,2,2,2,0,2,2,2,0.7466,3.8477,1.0337,0.716202,3.6912,0.991665,18.1513
PJ02SS01,orange,GC,GA,CT,CG,TA,AG,AG,GG,CT,AA,AA,GG,TT,0,0,0,0,1,1,1,1,1,1,1,1,3.7902,2.2397,0.1723,5.86052,3.46303,0.266387,15.7063
UE09RR01,yellow,GC,GA,CT,CG,TA,AG,AG,GA,TT,AA,AA,GG,TT,0,0,0,0,0,1,1,1,1,1,1,1,4.7665,8.0974,0.804,4.00098,6.79685,0.674865,20.7449
MF11SS01,orange,GG,AA,TT,GG,AA,GG,GG,NA,CT,AA,AA,GG,TT,0,0,0,0,1,2,2,2,0,2,2,2,0.6891,1.0911,0.1149,1.32548,2.09868,0.220914,7.28009
MH29SF02,orange,GG,GA,CT,GG,TA,GG,GG,GG,TT,NA,NA,NA,NA,-1,-1,-1,-1,0,1,1,1,0,2,2,2,0,0.1149,0.6317,0,0.28351,1.5593,13.1798
MH31SF01,red,GG,AA,TT,GG,AA,GG,GG,GG,TT,AA,AA,GG,TT,0,0,0,0,0,2,2,2,0,2,2,2,0.1149,4.5368,1.3783,0.116663,4.60819,1.39996,15.5684
MI21SF04,red,GG,AA,TT,GG,AA,GG,GG,GG,TT,AA,AA,GG,TT,0,0,0,0,0,2,2,2,0,2,2,2,2.2397,2.6991,0.7466,2.4845,2.99415,0.828168,10.821
UC31RR01,orange,GG,AA,TT,GG,AA,GG,GG,GG,TT,AA,AA,GG,TT,0,0,0,0,0,2,2,2,0,2,2,2,1.5506,4.1922,0.6891,1.44516,3.90727,0.642292,18.6831
UC19RR04,yellow,GG,AA,TT,GG,AA,GG,GG,GG,TT,AA,AA,GG,TT,0,0,0,0,0,2,2,2,0,2,2,2,7.3508,7.8676,0.2297,3.39839,3.63734,0.1062,37.6649
PJ02SS03,orange,GG,AA,TT,GG,AA,GG,GG,GG,CT,AA,AA,GG,TT,0,0,0,0,1,2,2,2,0,2,2,2,3.216,1.8951,0.804,2.71231,1.59833,0.678078,16.3001
MH29SF06,orange,GG,AA,TT,GG,AA,GG,GG,GG,CT,AA,AA,GG,TT,0,0,0,0,1,2,2,2,0,2,2,2,1.7803,1.1486,1.8951,1.99121,1.28465,2.11968,20.5472
QI05SS02,orange,GG,AA,TT,GG,AA,GG,GG,GG,TT,AA,AA,GG,TT,0,0,0,0,0,2,2,2,0,2,2,2,2.3545,3.216,4.3071,1.50902,2.0611,2.76041,16.3645
UC31RR02,orange,GG,AA,TT,GG,AA,GG,GG,GG,CT,AA,AA,GG,TT,0,0,0,0,1,2,2,2,0,2,2,2,2.9288,1.6654,1.206,2.92148,1.66123,1.20296,17.4569
PH24RWR02,red,GG,AA,TT,GG,AA,GG,GG,GG,TT,NA,NA,NA,NA,-1,-1,-1,-1,0,2,2,2,0,2,2,2,0,3.3883,0.9188,0,3.75645,1.0187,13.3126
MH31SF02,red,GG,AA,TT,GG,AA,GG,GG,GG,CT,AA,AA,GG,TT,0,0,0,0,1,2,2,2,0,2,2,2,0.3446,0.9763,0.4594,0.349083,0.989068,0.465444,13.8838
MH29SF01,orange,GG,AA,TT,GG,AA,GG,GG,GG,TT,AA,AA,GG,TT,0,0,0,0,0,2,2,2,0,2,2,2,0.7466,2.5268,0.5743,0.984498,3.33215,0.757306,13.2047
UC27RR01,red,GG,AA,TT,GG,AA,GG,GG,GG,TT,AA,AA,GG,TT,0,0,0,0,0,2,2,2,0,2,2,2,2.2397,7.5805,1.1486,1.90456,6.44619,0.976696,20.4772
UC12RR02,red,GG,AA,TT,GG,AA,GG,GG,GG,TT,AA,AA,GG,TT,0,0,0,0,0,2,2,2,0,2,2,2,2.2397,2.2971,0.2297,2.41874,2.48076,0.248076,16.1241
UC27RR02,red,GG,AA,TT,GG,AA,GG,GG,GG,TT,AA,AA,GG,TT,0,0,0,0,0,2,2,2,0,2,2,2,1.608,4.2497,0.4594,1.68883,4.46334,0.482524,16.5795
MI19SF03,red,GG,AA,TT,GG,AA,GG,GG,GG,TT,AA,AA,GG,TT,0,0,0,0,0,2,2,2,0,2,2,2,0.4594,2.2971,0.7466,0.534474,2.67237,0.86852,15.4774
MI19SF01,red,GG,NA,NA,NA,NA,NA,NA,GG,TT,AA,AA,GG,TT,0,0,0,0,0,-1,-1,-1,0,-1,-1,-1,0.402,0.804,0.1723,0.452272,0.904545,0.193831,12.7312
UD16RR01,red,NA,NA,NA,NA,NA,NA,NA,GG,TT,AA,AA,GG,TT,0,0,0,0,0,-1,-1,-1,-1,-1,-1,-1,0.5743,12.1173,0,0.448799,9.46965,0,22.2817
PH24RWR01,orange,GG,AA,TT,GG,AA,GG,GG,GG,CT,NA,NA,NA,NA,-1,-1,-1,-1,1,2,2,2,0,2,2,2,0,0.8614,0.6891,0,0.787538,0.63003,17.6933
UC12RR03,red,GG,AA,TT,GG,AA,GG,GG,GG,TT,AA,AA,GG,TT,0,0,0,0,0,2,2,2,0,2,2,2,4.9388,7.5805,0.6891,4.13066,6.34009,0.576372,20.8199
UC12RR01,red,GG,AA,TT,GG,AA,GG,GG,GG,TT,AA,AA,GG,TT,0,0,0,0,0,2,2,2,0,2,2,2,2.5843,7.5805,0.6891,2.28235,6.6949,0.608627,19.7165
PH24RWR03,red,GG,AA,TT,GG,AA,GG,GG,GG,TT,AA,AA,GG,TT,0,0,0,0,0,2,2,2,0,2,2,2,3.216,1.4931,0.8614,4.60428,2.1377,1.23329,16.3155
MD18SS03,red,CC,GG,CC,CC,TT,AA,AA,GG,TT,AA,AA,GG,TT,0,0,0,0,0,0,0,0,2,0,0,0,0.1149,2.3545,0.2871,0.274722,5.6318,0.686805,19.0087
MG11SF01,red,GG,AA,TT,GG,AA,GG,GG,GG,TT,NA,NA,NA,NA,-1,-1,-1,-1,0,2,2,2,0,2,2,2,0,2.0674,1.4931,0,2.49693,1.80334,7.05443
MH23SF01,red,GG,AA,TT,GG,AA,GG,GG,GG,TT,NA,NA,NA,NA,-1,-1,-1,-1,0,2,2,2,0,2,2,2,0,2.5843,0.7466,0,2.36734,0.683897,17.1879
MI05SF03,red,GG,AA,TT,GG,AA,GG,GG,GG,TT,AA,AA,GG,TT,0,0,0,0,0,2,2,2,0,2,2,2,1.5506,4.1348,1.5506,1.94471,5.1859,1.94471,18.6526
MI05SF04,red,NA,GG,NA,NA,TT,NA,NA,GG,TT,AA,AA,GG,TT,0,0,0,0,0,-1,0,0,-1,-1,-1,-1,0.6891,6.3745,0,0.805277,7.44881,0,21.8481
MI19SF04,red,NA,NA,NA,NA,NA,NA,NA,GG,TT,NA,NA,NA,NA,-1,-1,-1,-1,0,-1,-1,-1,-1,-1,-1,-1,0,6.5468,0,0,10.5351,0,13.8479
MI21SF01,red,GG,AA,TT,GG,AA,GG,GG,GG,CT,AA,AA,GG,TT,0,0,0,0,1,2,2,2,0,2,2,2,1.7803,2.1823,0.1149,1.84021,2.25574,0.118723,16.8459
MK13SF02,red,GG,AA,TT,GG,AA,GG,GG,GG,TT,AA,AA,GG,TT,0,0,0,0,0,2,2,2,0,2,2,2,0.0574,0.1723,0.4594,0.071374,0.214122,0.570992,19.0467
MK13SF03,red,NA,GG,CC,CC,TT,NA,NA,GG,TT,NA,NA,NA,NA,-1,-1,-1,-1,0,0,0,0,-1,0,-1,-1,0,4.1922,0.1149,0,4.95348,0.135712,12.1626
MK13SF04,red,GG,NA,NA,CC,NA,NA,AA,GG,TT,NA,NA,NA,NA,-1,-1,-1,-1,0,-1,-1,-1,0,0,0,-1,0,1.608,0.0574,0,1.79531,0.0641182,13.9083
MK14SF01,red,NA,GG,CC,NA,TT,NA,AA,GG,TT,NA,NA,NA,NA,-1,-1,-1,-1,0,0,0,0,-1,-1,0,-1,0,4.4794,0.1149,0,4.40845,0.113037,12.142
PI11RWR01,red,GG,AA,TT,GG,AA,GG,GG,GG,TT,AA,AA,GG,TT,0,0,0,0,0,2,2,2,0,2,2,2,2.1823,2.01,1.4357,2.73218,2.51648,1.79749,18.5757
PI11RWR02,red,GG,AA,TT,GG,AA,GG,GG,NA,TT,AA,AA,GG,TT,0,0,0,0,0,2,2,2,0,2,2,2,0.804,3.9051,0.1149,1.15302,5.6004,0.164718,16.9018
UC14RR04,red,NA,NA,NA,NA,NA,NA,NA,GG,TT,AA,AA,GG,TT,0,0,0,0,0,-1,-1,-1,-1,-1,-1,-1,1.0337,0.6317,0,3.59421,2.19646,0,5.00806
UC26RR01,red,GG,AA,TT,GG,AA,GG,GG,GG,TT,AA,AA,GG,TT,0,0,0,0,0,2,2,2,0,2,2,2,3.7902,4.9962,0.6891,3.7733,4.9739,0.686055,17.4913
UF01SS01,red,NA,NA,NA,NA,NA,NA,NA,GG,TT,AA,AA,GG,TT,0,0,0,0,0,-1,-1,-1,-1,-1,-1,-1,5.9725,12.2322,0,3.75553,7.69161,0,27.6925
UF01SS02,red,NA,NA,NA,CC,NA,AA,AA,GG,TT,AA,AA,GG,TT,0,0,0,0,0,-1,-1,-1,-1,0,0,0,4.02,5.9725,0.1149,2.94634,4.37742,0.0841811,23.7583
UF01SS03,red,GG,AA,TT,GG,AA,GG,GG,GG,CT,AA,AA,GG,TT,0,0,0,0,1,2,2,2,0,2,2,2,2.9863,9.3033,0.3446,2.14883,6.69444,0.247942,24.1992
UF01SS04,red,GG,AA,TT,GG,AA,GG,GG,GG,TT,AA,AA,GG,TT,0,0,0,0,0,2,2,2,0,2,2,2,1.608,2.4694,0.4594,2.24444,3.44681,0.641267,12.4753
UF01SS05,red,GG,AA,TT,GG,AA,GG,GG,GG,TT,AA,AA,GG,TT,0,0,0,0,0,2,2,2,0,2,2,2,2.7565,6.2022,0.5743,2.48303,5.58682,0.517298,19.3312
UF02SS01,red,GG,AA,TT,GG,AA,GG,GG,GG,TT,AA,AA,GG,TT,0,0,0,0,0,2,2,2,0,2,2,2,1.4357,2.814,0.6891,1.87988,3.68457,0.902344,13.2987
UF02SS02,red,GG,AA,TT,GG,AA,GG,GG,GG,TT,AA,AA,GG,TT,0,0,0,0,0,2,2,2,0,2,2,2,2.9863,3.6754,0.6891,2.87215,3.53495,0.662804,18.1049
UF02SS03,red,NA,NA,NA,NA,NA,NA,NA,GG,TT,AA,AA,GG,TT,0,0,0,0,0,-1,-1,-1,-1,-1,-1,-1,2.2397,1.7228,0,2.31613,1.78164,0,16.8384
UF02SS04,red,GG,AA,TT,GG,AA,GG,GG,GG,TT,AA,AA,GG,TT,0,0,0,0,0,2,2,2,0,2,2,2,2.5268,2.814,0.7466,3.20704,3.57148,0.947536,13.7198
UF03RR01,red,GG,AA,TT,GG,AA,GG,GG,GG,TT,AA,AA,GG,TT,0,0,0,0,0,2,2,2,0,2,2,2,1.5506,4.02,0.5743,1.56418,4.05529,0.579327,17.2614
UF03RR02,red,NA,NA,NA,NA,NA,NA,NA,GG,TT,AA,AA,GG,TT,0,0,0,0,0,-1,-1,-1,-1,-1,-1,-1,1.6654,2.8714,0,2.07307,3.57426,0,13.9889